{
  "name": "bumps",
  "dt": 0.001,
  "Fmax": 1,
  "circles": [
    {
      "X": 0.33218833804130554,
      "Y": 0.15921106934547424,
      "R": 0.23818166553974152
    },
    {
      "X": 0.9211785793304443,
      "Y": 0.21001200377941132,
      "R": 0.24298787117004395
    },
    {
      "X": 0.6558014154434204,
      "Y": 0.7025460004806519,
      "R": 0.21127113699913025
    },
    {
      "X": 0.05513463541865349,
      "Y": 0.7919896245002747,
      "R": 0.20693418383598328
    }
  ]
}